{"classifier":{"examples":{"article":[[1,1,1,1,0,0]],"greetings":[[0,0,0,0,1,0],[0,0,0,0,0,1]]},"features":[],"featurePositions":{},"maxFeaturePosition":0,"classifications":["article","greetings"],"exampleCount":3,"theta":[{"elements":[1.9543938136981414,1.9543938136981414,1.9543938136981414,1.9543938136981414,-2.30840117338515,-2.30840117338515]},{"elements":[-1.9543938136981422,-1.9543938136981422,-1.9543938136981422,-1.9543938136981422,2.3084011733851475,2.3084011733851475]}]},"docs":[{"label":"article","text":["want","know","vcv","statu"]},{"label":"greetings","text":["hello"]},{"label":"greetings","text":["hi"]}],"features":{"want":1,"know":1,"vcv":1,"statu":1,"hello":1,"hi":1},"stemmer":{},"lastAdded":3,"events":{"domain":null,"_events":{},"_eventsCount":0}}